Student_ID,Game_ID,Previous_Difficulty,Score_Achieved,Time_Taken,Num_Attempts,Hints_Used,Sessions_Per_Week,Predicted_Difficulty
8270,9,6,99.0148372750647,302.5933931374012,2,1,3,5.380296745501294
1860,10,9,67.60522571867544,318.481306262648,2,4,4,5.852104514373509
6390,44,1,44.59583070103215,162.55427426826665,2,2,4,1.991916614020643
6191,17,5,64.75736434019076,75.5802747848021,4,1,5,4.395147286803816
6734,38,7,59.43958592285453,472.7324693688648,1,0,6,7.28879171845709
7265,7,1,38.36122604056218,99.55997971090517,4,4,3,1.0
1466,46,4,6.562614457401295,368.7457278202116,2,3,3,1.931252289148026
5426,13,6,82.15129474074409,563.7760291136865,3,4,1,2.743025894814881
6578,40,2,37.18335292387246,529.3799597808843,3,3,3,1.1436670584774493
9322,42,5,81.87856433570937,188.31899553707885,2,2,2,3.7375712867141875
2685,9,1,25.25087496883822,515.3257234042212,3,3,6,1.9050174993767643
1769,27,6,0.10294798456333965,30.189528488678963,2,2,1,2.1020589596912664
7949,2,6,15.893828327675653,40.08205147955662,3,0,2,3.117876566553513
3433,5,4,46.85394167685843,373.455303390433,4,3,5,2.9370788335371687
6311,29,8,94.43036349578298,237.9349849123818,1,4,4,6.288607269915659
6051,37,4,10.2193619693719,250.28267946071387,1,2,5,3.704387239387438
7420,38,8,85.4209774461566,351.731421686963,4,4,4,4.908419548923131
2184,19,8,52.702409621186206,139.31599968736055,4,1,5,5.6540481924237245
5555,8,5,82.59207657998967,150.70054987932266,2,2,3,4.251841531599793
4385,48,4,29.837443098999263,306.2229046007529,2,3,2,1.896748861979985
7396,45,2,83.99471646724719,459.92452027600194,2,2,4,3.279894329344944
9666,1,3,77.28227800168045,383.11371830232497,3,4,1,1.145645560033609
3558,22,3,23.005368303143392,199.49237749499818,2,0,2,2.160107366062868
8849,17,4,13.133512640937806,275.29219118008507,4,2,1,1.0
3047,7,4,86.80543225322928,127.2789123734991,1,3,2,3.4361086450645857
3747,25,5,96.3236653440132,72.53899417213657,3,1,2,3.926473306880264
1189,45,4,3.130231374751624,476.13674322416506,2,0,5,3.7626046274950324
3734,4,8,73.12700669736856,181.27082323727092,3,1,4,5.962540133947371
4005,36,6,90.95245109478184,131.32684107521146,3,2,4,5.019049021895637
5658,6,6,85.73600920924986,424.222291674512,2,4,2,3.7147201841849977
2899,31,8,96.45204722702086,382.28945434369604,3,4,3,5.029040944540417
8734,19,7,76.00940784380971,390.91808682767453,1,3,3,5.220188156876194
2267,44,8,44.22987623809102,160.46992476256975,4,4,1,2.5845975247618207
2528,39,2,31.195199049513043,162.60795698072818,4,0,1,1.0
4556,27,9,32.07427404381274,155.85749897781432,1,4,5,6.041485480876254
4890,10,1,72.4422672614117,129.03897952750788,3,3,2,1.0
9838,26,8,74.58370120309642,403.7624933601441,2,2,1,4.59167402406193
6393,19,4,20.035914354871267,513.3690545921588,3,2,1,1.100718287097425
9792,39,4,86.8122813490531,442.8609577156969,1,4,6,5.1362456269810615
9433,3,5,71.49240402022477,481.4933712435096,3,1,2,3.4298480804044953
8513,45,8,56.27502863433826,260.7351045785639,4,2,5,5.425500572686765
3612,13,5,47.15324601025127,402.82320336203895,3,4,1,1.5430649202050253
8041,28,8,54.32328057899581,231.9146570535215,1,3,5,6.286465611579915
7235,20,1,15.924573827926448,329.5376345221248,4,4,4,1.0
6486,28,9,20.37012492762742,304.53186252487154,3,2,5,5.607402498552548
8099,8,6,9.116449040619168,130.825672731997,3,3,3,2.5823289808123833
1775,41,3,15.365803816111267,250.63489339130956,4,4,3,1.0
9226,39,8,45.36936346052827,579.37869702494,2,0,5,6.607387269210566
4152,1,9,53.03543937282561,171.690746897517,4,3,3,4.560708787456512
2585,3,6,1.7861892478319374,106.26812967930857,2,0,4,4.2357237849566385
4943,13,7,79.67978278640275,268.5909543256431,1,1,2,5.393595655728055
8555,28,1,29.416797334347788,480.49250944028444,1,3,3,1.288335946686956
4073,49,5,91.18360349599111,361.8244909745842,4,0,3,4.223672069919822
2021,25,5,96.75112636137777,418.1556515257994,4,2,5,4.735022527227556
4843,33,4,18.545887467665434,138.126063459566,1,2,4,3.3709177493533087
8989,38,6,46.20972907656606,382.80047001440124,2,1,2,3.824194581531321
7873,6,7,0.12318351664258875,214.39522509954003,1,3,5,4.702463670332852
6675,44,9,59.832726512242694,505.5529185942175,4,3,5,5.696654530244855
1161,45,1,60.730644826267124,388.7003194261196,1,3,6,3.4146128965253424
5297,32,6,24.753995560337515,143.34807833191866,4,1,4,3.5950799112067506
1995,45,7,55.841267258319796,66.8315075111291,4,3,2,3.1168253451663954
8629,47,3,22.554014244373544,54.30092929360866,1,2,4,2.951080284887471
2016,21,8,16.082546907819008,241.70288356058023,2,0,2,4.52165093815638
8869,16,5,65.15194668022647,181.5351478929587,3,2,4,4.003038933604529
7439,21,9,32.59254639520749,398.27137037362957,1,2,5,6.65185092790415
8892,11,5,59.02639388856225,314.6202859378124,3,0,5,4.9805278777712445
7863,37,9,43.32467489716556,181.630988463067,1,2,1,4.866493497943312
8916,36,4,98.4351407402904,115.06553343160039,3,1,3,3.968702814805808
9529,35,9,14.958064266756576,102.50386473184626,2,0,6,6.9991612853351315
1878,19,5,46.459859663581014,522.8564235200381,2,2,4,4.02919719327162
5887,20,9,68.04566263593253,168.78244199077432,1,4,6,7.26091325271865
5859,18,3,39.55450838799687,401.4750693092519,4,2,1,1.0
7331,47,4,97.46998518706899,492.0909789521718,3,1,3,3.9493997037413795
9571,41,9,72.18876279269351,380.02634737529957,4,3,4,5.44377525585387
9684,49,6,65.69838575644931,519.952182038759,4,2,2,3.113967715128986
8208,14,2,75.70592676112233,253.66442127123048,4,3,3,1.5141185352224467
6276,15,7,95.2648638038717,575.0466486699005,2,4,5,5.905297276077434
3062,31,2,90.78186529846401,105.89265238151525,1,2,1,2.3156373059692803
1064,1,2,72.42853081264118,88.22523190479671,1,0,3,3.548570616252824
9006,3,1,74.9161639101283,405.45452333824284,2,3,3,1.7983232782025662
3568,16,3,14.592207403514546,567.4137506055592,2,4,5,2.291844148070291
6463,23,6,10.279240449266569,491.063573132707,1,0,4,4.805584808985332
3027,11,8,57.09045018441643,73.55760987968932,4,0,2,4.5418090036883285
3695,12,9,1.836763694054,189.23959694278832,3,0,5,5.83673527388108
6258,10,7,48.23563815515916,560.2817643575595,3,0,2,4.264712763103183
6618,32,4,21.03495799188686,174.2433066964472,3,2,4,2.620699159837737
7736,16,6,34.601656764483955,475.267141558544,4,2,3,2.992033135289679
1391,8,5,77.5804735792956,500.3253516793612,1,2,2,4.051609471585913
6892,38,8,94.12375042323865,312.4076989727596,2,4,1,4.382475008464773
4561,12,1,7.24162721463415,250.21887861353983,1,4,1,1.0
7184,24,1,53.42422059764451,286.570926479263,4,4,5,1.2684844119528902
4099,28,6,88.25334858196,159.36987578825756,2,1,4,5.665066971639201
7278,8,2,8.250853444042129,536.9528221934412,4,4,5,1.0
9392,28,5,82.45140468968339,286.853204335962,3,2,5,4.849028093793667
4104,36,1,35.78013509282714,533.0018810599769,3,2,6,2.4156027018565425
8215,26,7,32.209470221933536,90.24528354657623,4,1,5,4.744189404438671
3454,8,1,97.74663863147858,593.3169044700749,2,1,6,4.354932772629572
9996,28,4,20.085908986229416,282.6656598428624,2,4,1,1.0
3731,28,9,69.31939408226809,57.26356762464012,1,3,1,5.086387881645361
9154,37,1,82.14407280098665,51.6724534953493,3,1,5,3.142881456019733
6056,41,4,4.118349527927167,455.33813676464797,1,0,1,2.182366990558543
9110,36,6,67.03854583544123,405.65025449609806,1,2,4,5.340770916708824
4840,27,6,95.15499743553269,487.21441813272486,4,0,6,6.3030999487106545
2028,17,8,12.421996672805935,90.0594943530994,4,2,6,5.048439933456119
8385,9,1,89.62213026850382,50.27539421026256,1,2,5,3.7924426053700766
1502,33,7,59.47766373769361,319.8901949851197,3,1,1,3.689553274753872
7910,20,1,61.6604581862474,250.92928194517864,4,1,2,1.0
7938,13,7,61.29441748656059,293.3097539024448,1,0,6,7.325888349731212
5488,28,3,29.883588633731385,595.2053930560562,1,2,5,3.5976717726746275
1206,48,8,93.52018152994597,583.327475872282,1,0,5,7.970403630598919
6134,29,3,94.73504626310387,567.1197721137199,1,3,4,4.094700925262078
6977,13,1,62.53046602139478,476.79032575757407,1,0,3,2.8506093204278957
8721,46,8,78.34227259416147,232.2595753464275,1,4,3,5.466845451883229
8035,35,3,61.2257985881158,264.9146302497798,4,0,6,4.124515971762316
2484,6,2,48.43984475740406,343.2811449197869,3,4,4,1.568796895148081
8858,18,1,66.08201182992507,503.4046401507588,1,4,4,2.2216402365985015
1863,5,3,55.300145259195844,69.16631453541262,2,4,4,2.606002905183917
3790,47,2,59.74758626319301,271.8492249543862,4,3,6,2.69495172526386
8408,25,2,78.3832553418862,77.09206817178315,4,0,3,2.467665106837724
9755,2,6,48.09038314489848,323.3548243469016,1,0,4,5.561807662897969
6116,10,1,4.075410609247276,542.3734696835542,4,3,1,1.0
7019,30,2,16.399948098949725,476.01640700144463,1,2,5,2.8279989619789943
2757,45,6,43.860721648953835,159.8701779995727,3,1,5,4.877214432979077
8574,5,3,72.48265598740583,586.3147842713117,3,0,2,2.7496531197481167
7374,33,4,59.32786483101788,410.3897268864642,4,1,2,2.2865572966203573
7892,1,1,65.02941858734539,35.94378865651975,4,3,6,2.300588371746908
2678,18,8,47.92789285762873,175.58568627057514,2,2,6,6.558557857152575
4242,32,7,61.574202194224284,178.60658095435244,4,2,5,5.031484043884486
5636,47,7,32.90174378146622,69.47495458294017,2,2,1,3.258034875629324
2059,49,3,47.01825926966651,577.1011153032796,3,3,3,1.8403651853933298
7668,11,3,74.42790655949555,302.6055179082765,3,4,3,2.0885581311899113
4157,21,2,87.18327789731212,540.6143205019728,1,4,6,4.1436655579462425
6915,26,1,43.36553339563889,213.66283696343817,3,1,1,1.0
3693,25,7,4.366165770736119,101.38313514671147,2,4,6,4.587323315414722
4627,22,7,16.167254414680265,300.3715826465419,4,4,3,2.523345088293605
6450,27,2,2.08611392915381,94.95528178716079,1,2,6,3.041722278583076
2663,49,7,65.32630192373301,307.02883669719773,2,2,4,5.40652603847466
6592,13,8,33.23146253551089,554.5693932950624,4,1,6,5.764629250710218
8392,33,1,54.24786357193675,326.83784084550126,1,0,5,3.684957271438735
2306,34,9,49.32768467837996,381.4048443301976,3,1,6,6.9865536935676
7776,41,7,8.15264895524267,119.28390907507074,2,1,5,5.063052979104854
6864,35,3,40.32613611238318,54.92930675158261,4,3,1,1.0
8526,1,8,22.056112492232327,93.16053844249001,1,3,3,4.6411222498446465
9901,21,7,41.83997886676527,371.1629981400884,1,1,2,4.636799577335307
6575,48,8,20.35782803422427,84.15666842561366,3,1,2,3.907156560684485
6530,6,6,84.04524062769335,244.3159472665475,4,1,3,4.280904812553867
5413,28,9,17.419333657825366,343.55240606114893,3,4,2,3.4483866731565067
4748,17,5,96.0780551486977,251.5320952190128,3,3,6,5.321561102973954
1663,5,3,41.59073661469408,123.29976683522185,4,1,1,1.0
2998,31,3,84.62452920190493,186.06104528304073,4,2,1,1.4924905840380989
8994,5,1,62.876481820594506,559.1409937236889,4,2,3,1.05752963641189
2495,38,8,73.53502986657526,415.30989708422254,2,4,2,4.470700597331505
4304,3,2,76.77238880667802,312.74726804753533,4,4,6,2.7354477761335607
4763,23,3,50.48448818930178,37.24748729252931,1,0,1,2.6096897637860357
6232,37,8,54.33005233632884,595.676778278998,3,0,1,4.386601046726576
2853,37,8,51.3995867808725,412.72931288994664,2,0,4,6.22799173561745
7585,10,4,58.80583780900792,210.6458120866186,4,4,4,2.376116756180158
2291,10,4,2.9394445756507293,531.1831361987678,2,4,1,1.0
4581,19,5,39.551516984901525,177.3060235663363,4,4,3,1.9910303396980304
8554,17,6,60.618871356117154,340.08945013416843,2,2,5,5.3123774271223425
8280,21,5,59.77235652558643,392.5603353260003,3,4,5,3.7954471305117288
2636,14,7,79.29560946056316,156.0061217286252,3,2,6,6.285912189211263
4696,9,2,65.50093388321085,587.6864489163397,1,0,1,2.410018677664217
1698,46,7,99.21333163406723,456.4693864080286,1,0,1,5.584266632681344
5737,1,7,28.3854528608645,347.95353854130985,4,0,1,2.96770905721729
1854,45,1,35.915102966623145,132.93892095992152,3,1,3,1.2183020593324627
9164,13,7,38.38471518677963,60.699177988874894,2,1,4,5.167694303735593
6855,4,5,46.581280702024856,212.43410453696058,2,3,1,2.231625614040497
8392,1,3,83.59980637812095,459.3167814706396,2,3,1,1.971996127562419
7528,49,3,23.579209395920987,183.5188400321543,1,3,2,1.6715841879184197
6249,40,4,77.60002070354295,337.5470456824379,2,1,3,3.9520004140708593
6172,32,2,40.53101830857434,444.9298907365236,1,1,6,4.110620366171487
2707,34,2,60.18553836620085,91.52791734848468,1,3,1,1.403710767324017
6791,28,1,63.25405332263061,420.6198691860478,4,3,2,1.0
6535,31,5,37.28486371889345,82.36640599472548,2,4,5,3.7456972743778687
5931,8,4,51.26152052058052,580.123953012388,2,3,6,4.32523041041161
4510,39,2,41.3031174647697,308.38465413701556,3,4,1,1.0
1202,26,3,6.913278618661945,115.8853813946301,4,2,1,1.0
5218,34,7,43.71653888168265,225.1586725391215,3,1,2,3.874330777633653
9958,3,7,9.739339255355217,265.647376098299,4,3,3,2.6947867851071043
5389,12,4,40.50207990803215,462.1654563136263,2,1,1,2.210041598160643
3327,1,5,59.291839983178185,453.7515580636673,1,1,5,5.485836799663565
9004,44,5,57.941489934350074,378.8060880422787,1,1,1,3.458829798687002
3931,5,6,66.26212790083204,90.38050615834098,1,2,5,5.825242558016641
8777,30,9,9.526150795462629,116.39454180497394,1,0,6,7.290523015909252
1197,30,2,65.21232455304379,83.44144476796728,1,3,6,4.004246491060876
8125,17,5,31.214805669644708,358.98848647390355,3,0,4,3.924296113392894
2930,48,3,39.90459461371111,529.9689116615002,4,0,4,2.6980918922742223
7287,47,4,85.79862539227058,277.26629198521994,2,0,5,5.415972507845412
9800,23,6,0.9030404129550251,121.68345915591533,3,1,3,3.0180608082591007
5282,15,8,58.84126333406054,348.0841253349112,4,4,1,2.876825266681211
3511,37,1,59.87139801001076,492.6987636134546,1,1,1,1.497427960200215
1659,21,8,39.665977634356196,452.7758750623701,4,1,4,4.8933195526871245
3811,14,7,23.702785710833616,532.4269444147621,4,0,5,4.874055714216672
8098,2,1,23.46740382615511,188.40419543185467,1,1,1,1.0
7546,11,2,88.37096696607526,140.55370434263168,1,0,1,2.8674193393215055
2986,39,3,44.20243737828575,531.495396986905,1,4,3,2.284048747565715
9338,38,1,33.08893629891719,404.80937828347317,2,3,2,1.0
3911,34,9,44.877757383140306,207.22949010430588,1,0,4,6.997555147662806
2734,38,8,66.93904014593613,453.13838882633024,2,4,4,5.3387808029187225
2843,34,2,14.57565682447517,494.6174791538097,1,3,2,1.0
9680,18,9,44.94338352137377,380.53759699444544,2,2,1,4.498867670427476
3976,30,7,58.7884371110387,422.0939426315516,4,0,3,4.575768742220774
2959,15,9,94.85833548514337,243.8981455323198,3,0,3,6.697166709702867
6759,27,6,25.252778207541926,337.05653038553226,4,2,4,3.3050555641508383
7694,34,6,35.92507479162455,328.77072731391246,4,2,3,3.018501495832491
3385,38,4,37.93585899224238,513.38724094454,1,0,6,5.358717179844848
5736,33,2,60.553815764488284,508.77946876084405,2,2,2,1.8110763152897655
2802,24,7,35.67320530400016,504.6278675278146,3,1,1,3.2134641060800035
9155,15,5,53.35119252996956,36.2880201296055,1,3,6,5.267023850599392
9120,30,6,78.17903298450294,457.2409261472663,1,3,2,4.263580659690059
7616,42,2,70.53855941122036,462.44554236327275,1,3,5,3.6107711882244073
6534,17,5,44.636864651258556,416.67592902743087,4,1,4,3.492737293025171
5061,5,4,86.42161776741689,461.07085499812797,2,2,3,3.8284323553483377
1262,29,9,55.81402495938629,509.923111753124,2,4,5,6.1162804991877255
7287,4,6,53.99058395022125,298.0818608380178,3,2,3,3.779811679004425
9815,10,2,3.4187765939158177,316.1686216884149,2,0,6,3.2683755318783163
3049,17,1,98.66929803571615,101.08701243949257,2,3,1,1.2733859607143232
6423,10,5,12.297080852962672,249.66425333699624,1,2,1,2.2459416170592537
5548,17,9,23.11309124276466,396.71815254971705,1,4,1,3.862261824855293
4108,20,6,5.169683724152696,474.82787240394646,4,0,3,3.003393674483054
8158,24,7,64.00029668369137,153.80918568399,1,1,5,6.580005933673827
8400,5,5,22.470117697267998,108.55905252076418,1,1,1,2.7494023539453605
4170,34,6,18.001043747272348,407.9339425652806,1,4,5,4.260020874945447
3255,6,5,8.855558422324139,31.071533609199065,1,0,3,3.7771111684464826
2154,2,9,10.330895712401567,131.672373055178,4,3,6,5.2066179142480316
5499,13,6,58.467070044258875,46.57068679605363,1,2,5,5.669341400885178
7295,43,8,68.82078658665954,125.12451717727643,3,0,6,7.176415731733191
7197,43,2,39.7378988464401,133.351989557538,3,1,3,1.7947579769288018
2648,48,9,47.989708159207325,250.97394900772468,3,4,3,4.559794163184146
6539,11,5,68.59677359829841,259.3264610713369,3,4,4,3.471935471965968
5199,47,7,1.7379790185479638,528.3296082478355,1,2,3,4.0347595803709595
9445,23,1,32.31306570702785,320.7625361243304,3,4,3,1.0
3557,16,5,97.30977480703464,442.34071639900316,1,4,2,3.8461954961406923
6592,31,2,58.01122296954681,89.35829401456385,4,0,1,1.0602244593909362
1098,11,6,25.422457989749326,158.5000906143055,3,3,4,3.4084491597949866
3200,16,1,52.17300466362131,430.6777613578458,2,2,4,2.1434600932724264
3961,8,3,34.26534881209153,60.09825746706101,3,0,4,2.9853069762418305
5973,4,5,53.22449888262991,307.36066747893926,3,3,2,2.464489977652598
5433,40,4,12.574151180664883,371.6403104278723,1,0,6,4.851483023613298
3869,4,3,13.271465381927738,373.2230171099142,3,0,3,2.0654293076385546
1956,25,5,14.354236203939285,43.07170242278396,2,4,1,1.2870847240787855
9352,3,8,93.98197919268418,213.60156241063575,1,3,5,7.079639583853684
6699,32,4,73.28989183413418,392.7996710980178,1,2,6,5.465797836682683
7944,3,1,16.23818946623209,114.92984960506877,4,2,3,1.0
5493,27,7,18.834908376560143,426.3869195469903,4,3,2,2.376698167531203
5911,29,8,73.08294748708764,455.1773690237945,3,4,3,4.561658949741752
4987,32,3,15.616384479217393,589.7224385543028,4,1,3,1.4123276895843477
7015,19,6,23.456129333482867,149.60993706815339,4,0,2,2.8691225866696572
2218,21,2,96.3346832820399,500.32448056968565,4,4,4,2.126693665640798
5496,5,7,25.530652472843187,326.5690488436328,1,3,4,4.710613049456864
5735,18,8,66.16323503711467,242.87367980217886,1,0,1,5.423264700742293
5555,28,6,97.86312874005304,99.75475167535143,1,2,1,4.457262574801062
9050,42,6,37.42967671397926,449.23819569789646,4,1,4,3.8485935342795856
4446,22,5,1.7515990862062236,164.43883151190164,1,2,6,4.535031981724124
2045,21,8,24.414729042237425,241.7105410676361,4,3,5,4.488294580844748
7893,6,1,83.08771913417054,65.64906933150002,1,0,3,3.261754382683411
2693,1,4,86.46088359550367,486.7791420171258,1,3,5,4.929217671910074
4436,5,4,76.85193645237912,466.9554586638367,2,0,3,4.237038729047582
9754,41,3,11.310981907657302,448.1610231241181,3,4,4,1.326219638153146
6895,12,3,79.55103716964031,200.6828009803754,4,1,1,1.6910207433928064
4354,26,4,91.86777969935042,128.88364233159564,2,4,6,4.8373555939870085
1225,46,1,60.06095425462361,393.40536074803094,1,4,1,1.0
5893,34,2,94.08753563380648,312.8148389445351,4,3,5,2.88175071267613
8022,49,9,82.68388837118775,131.6039061356457,1,1,1,5.953677767423755
6600,14,2,66.69715169909072,420.9694244984223,3,0,4,3.133943033981814
8996,26,5,57.718523671174815,594.9420661381431,2,0,6,5.854370473423496
8683,45,9,34.85736672419705,455.9151650129615,3,2,5,5.897147334483941
5642,27,9,15.928744524280514,451.79224041079874,2,0,6,7.018574890485611
8679,9,8,60.49539226905408,571.6782691704373,1,3,3,5.409907845381081
9208,26,1,31.81115536181195,145.67372951769426,3,4,1,1.0
8339,47,1,86.64386675276454,352.363480005221,3,4,6,2.832877335055291
3205,22,9,99.33369373586285,588.3986275693136,1,4,2,5.886673874717256
2069,47,8,75.24277626155725,124.2176432529995,3,1,1,4.504855525231145
4444,30,9,9.048169528705074,429.143616883377,4,0,3,4.580963390574102
2060,43,7,28.86855955306381,363.9117832039841,2,3,6,5.377371191061276
3327,48,3,10.910963176574972,364.29308254756296,2,1,5,3.1182192635314996
4420,17,3,65.05116477917157,427.67225768644283,2,2,3,2.901023295583431
1301,26,2,76.51908645557846,559.88164603914,4,3,2,1.0303817291115696
1606,36,5,92.56748308807119,476.0717057152626,2,3,6,5.651349661761423
4170,1,3,43.817234641198766,61.9975789472397,1,3,4,3.0763446928239757
1699,8,6,90.13756495884444,516.0549713291555,3,4,1,2.902751299176888
6088,49,2,87.78911590413276,158.5585580576676,4,3,5,2.7557823180826553
1190,35,3,31.71957167653986,244.841073899732,2,0,4,3.334391433530797
1980,15,5,86.8900625540571,293.18770375905785,1,3,6,5.937801251081142
3975,47,1,37.56722518817265,304.11642042924973,3,4,6,1.8513445037634528
7102,22,1,29.68692745602808,278.05282757555335,3,3,3,1.0
2184,14,9,64.90746587943931,564.2913777030427,4,2,6,6.598149317588787
4327,26,7,32.83812278850811,432.430834368494,4,2,5,4.456762455770162
4394,28,1,63.02087483291442,389.76726819532263,4,4,4,1.0
9319,23,8,60.98318054986945,58.40995583627669,1,0,5,7.319663610997389
2816,14,3,56.34389273484588,545.2305982484136,1,0,2,3.2268778546969177
6854,24,8,38.04197042327977,548.3524094447858,4,1,2,3.8608394084655955
7709,2,5,54.849972165147676,474.72144615515833,2,4,1,2.0969994433029537
1569,45,1,59.64854749854216,34.00664617376292,3,3,1,1.0
6442,26,7,54.56868884954734,62.64974311424531,3,4,2,3.1913737769909467
2895,14,5,44.441945275120155,158.37751029303917,1,1,6,5.688838905502403
3733,7,6,1.466705704626381,104.86916264259682,3,4,5,3.1293341140925275
4863,3,6,58.706170770115094,257.3365369311258,2,4,2,3.1741234154023017
8455,47,8,16.844438514271964,555.8951431100401,3,1,1,3.336888770285439
5014,23,9,64.25759689471896,299.07444749228904,1,0,2,6.385151937894379
2686,46,2,75.9344327922866,37.6394970663344,1,3,6,4.218688655845732
4009,43,9,50.04453091307415,191.16504305989434,2,1,2,5.400890618261483
8806,47,9,54.23636649797383,55.419097772588074,2,2,5,6.684727329959477
1154,45,7,95.14785596659911,50.68394488969623,3,0,4,6.202957119331982
2409,18,1,84.71673613725741,187.16031626446477,3,2,6,3.3943347227451484
1784,38,7,91.42365159514699,187.0990330469989,1,0,1,5.428473031902939
9096,35,5,81.37662883195864,478.6621634829143,2,3,5,4.927532576639172
8560,15,6,10.891834184673144,585.6557520852338,2,3,2,2.5178366836934627
8343,25,7,14.899185597019471,241.588043517299,2,4,2,2.7979837119403896
8206,37,5,52.662379726895956,274.465520950792,3,2,4,3.753247594537919
6596,28,7,24.606965879799823,511.5299786830322,2,0,1,3.6921393175959967
6801,10,9,47.66954750411592,182.83924145444263,1,3,1,4.6533909500823185
3806,39,3,39.43653238183502,119.13762850996534,1,1,3,3.0887306476367002
1537,17,8,54.941423843045335,516.2610853400807,3,3,1,3.498828476860907
6986,39,2,74.68757161358226,56.50533427083733,4,1,4,2.5937514322716457
2841,22,7,71.54909070992744,383.22868091366695,3,0,3,5.2309818141985485
9716,26,2,52.12341324853343,350.3359230560799,4,3,3,1.042468264970669
7971,44,4,82.23934188170581,227.17465507596572,2,3,2,2.9447868376341164
6625,25,7,43.08620915380333,209.65802702549462,3,0,2,4.161724183076067
3950,17,3,89.67142898401224,469.95890392352413,1,3,1,2.493428579680245
8992,13,2,7.12802700551639,79.2620281346515,2,1,3,1.5425605401103277
5780,20,7,95.46600300333074,164.96705630748968,1,3,2,5.109320060066615
3368,25,1,65.46930814313482,447.4957771477112,2,2,4,2.4093861628626962
7655,4,8,38.00745089372053,342.5427327240618,3,4,2,3.3601490178744102
9173,10,3,19.715412657287736,102.95327886414424,4,1,6,2.9943082531457543
5495,3,2,47.91832294435999,532.8173001407743,2,2,6,3.5583664588871997
7002,41,3,19.4558323185301,254.26527254124719,4,0,2,1.2891166463706019
7614,45,5,16.633160774314216,501.8849739336385,2,1,3,3.2326632154862844
6919,18,8,61.73517574129742,478.99641885079393,1,4,3,5.134703514825949
1853,47,7,52.30847245817847,385.922504488885,1,4,5,5.44616944916357
5146,36,7,67.00960346109417,311.854244838203,2,0,6,7.040192069221884
4769,47,7,92.96058774219892,588.3439790176014,4,0,4,5.759211754843978
1574,22,8,53.226021333904015,112.63009125649572,3,1,3,5.06452042667808
2148,34,1,58.09320532627977,443.33876470413543,3,3,1,1.0
7293,47,4,8.962633915494212,138.97869983492973,1,0,6,4.779252678309884
7457,8,6,71.76357859086295,222.80997003943858,3,3,4,4.335271571817259
8509,40,9,39.99052068041562,205.9582837227213,1,2,4,6.299810413608313
5777,49,2,97.67252386625789,569.8105130110721,3,4,3,2.053450477325158
4854,44,1,82.31740155956602,581.3930213393169,2,3,4,2.44634803119132
3491,19,2,52.24810405161183,134.31880321379447,1,4,3,1.9449620810322368
4124,42,7,12.322265417216604,42.560041369577384,1,3,2,3.446445308344332
6691,41,3,85.94157932805892,440.4045826079745,2,2,6,4.818831586561179
4051,37,2,79.97810954240217,268.2542623061761,1,0,5,4.699562190848043
1004,6,7,18.4585129537033,80.6389396999117,3,2,2,3.0691702590740655
6222,26,2,29.527828922031006,419.7398401789142,3,0,6,3.39055657844062
6315,34,3,79.34072581478372,340.71015110859884,1,0,3,4.186814516295675
5869,45,7,18.522844654740965,588.8945885406305,3,4,6,4.470456893094819
1876,6,4,91.77524891713773,159.623412640986,4,2,3,3.1355049783427544
8027,37,1,42.45274251963619,260.26738950613253,1,3,2,1.0490548503927237
5142,33,5,8.703896258765864,339.2511079353911,2,2,1,1.7740779251753171
7966,22,9,81.57486435042809,481.26899341841045,4,4,1,3.831497287008562
8079,21,8,37.35096830383876,342.83803433043346,1,0,6,7.347019366076775
8987,6,9,52.6499194153781,379.353091691311,2,4,1,4.052998388307562
7799,6,9,11.230434441121917,158.90381940626622,3,1,3,4.724608688822438
5465,48,7,0.2584014844982385,512.7436750104791,2,1,4,4.405168029689965
1635,4,4,63.79852057932977,274.31941177317117,4,3,3,2.275970411586595
2693,30,5,51.51751703337316,110.34698768740849,3,4,4,3.130350340667463
5752,11,1,59.35385691231472,408.5871112680879,1,3,2,1.3870771382462945
9311,30,1,79.37438503805163,153.17155831562528,3,3,5,2.4874877007610325
1830,31,3,64.66059134228601,85.61063083640084,1,1,4,4.093211826845721
6177,24,8,17.477344282737718,521.3325377904353,1,3,1,3.5495468856547543
9932,9,2,36.07725191105998,292.2924907584106,2,1,3,2.1215450382211998
9308,3,4,90.58911047877604,457.09171623659256,2,0,2,4.011782209575521
6949,31,2,76.9944700251679,195.6349090896224,2,4,1,1.039889400503358
3838,40,5,55.663705793671724,478.5729769030698,4,3,2,2.1132741158734345
2150,37,9,25.56449978092723,93.80347840227228,4,1,5,5.611289995618545
8560,36,1,30.206050183479505,232.90482306306606,2,2,3,1.2041210036695902
2931,24,5,73.19580675856345,587.4952362449112,4,3,6,4.463916135171269
2664,31,9,85.11742608527709,482.57413832976346,3,0,3,6.5023485217055415
2081,6,1,67.14246695306144,313.43588027937227,3,0,5,3.142849339061229
1512,2,9,80.95299757684418,223.6731587902745,4,2,3,5.419059951536884
8805,20,8,76.6656135200406,527.1173490128117,4,1,6,6.633312270400811
6237,28,4,14.970396795695773,340.56322267817393,3,3,4,2.1994079359139156
1559,11,5,42.3944812913302,462.3022601853933,1,1,2,3.6478896258266045
4672,4,5,15.298380082856266,459.8413777802135,3,0,6,4.605967601657126
8404,15,6,23.52355848019848,40.229036784040346,3,1,1,2.47047116960397
4343,6,7,86.92596246510526,101.96465619178967,4,0,5,6.138519249302105
5070,49,8,47.289196563318214,405.98873884500307,3,1,4,5.445783931266364
1580,30,8,53.53581018426608,122.12329243294673,4,2,1,3.370716203685322
8004,38,2,17.844596522777213,175.6312064536947,4,4,1,1.0
9130,2,9,31.2271786048796,569.5836338937761,2,2,5,6.224543572097592
4147,15,7,23.024616842786994,349.3038872736998,3,2,4,4.160492336855739
5249,11,4,20.61861645184264,457.9158189896279,1,4,1,1.3123723290368527
2679,8,4,63.796079331597014,348.0490211061047,2,4,1,1.7759215866319404
4506,26,8,25.68838476457148,344.9327604261534,4,3,4,4.013767695291429
8253,45,4,63.201548602041846,83.66658877164781,4,3,3,2.264030972040837
3744,44,6,5.845461410855391,225.88801978718874,1,2,1,2.616909228217108
6188,5,5,14.177439352710186,190.9856122513117,4,2,2,1.5835487870542035
3141,6,3,27.45402540001254,252.71516839975953,3,0,4,2.8490805080002506
7617,26,2,59.70469168956917,485.05618728786715,2,0,1,1.894093833791383
3479,4,9,67.5841245087376,242.00162071261298,4,3,5,5.851682490174753
7484,19,9,44.27169667795271,287.46718696205915,4,3,6,5.885433933559055
8421,20,1,44.579091457722896,256.5073925766304,1,0,2,1.991581829154458
5452,33,3,72.45168513986181,83.24254402591849,3,0,6,4.749033702797236
6881,20,8,1.582109176558244,281.4111302029467,4,1,6,5.131642183531165
7665,49,6,34.10900244742206,141.49728563537357,1,1,1,3.4821800489484414
3849,12,5,81.87070571192328,136.43227859063364,4,0,2,3.5374141142384654
8390,47,5,60.321941021337224,83.60057952753182,1,1,2,4.0064388204267445
7905,1,6,33.722713275542034,233.3024552608059,1,4,3,3.5744542655108407
3489,26,7,90.55247923296739,461.7646743299679,3,3,6,6.211049584659347
5611,14,1,77.26227274493826,187.57176363253575,4,3,2,1.0
3839,38,9,26.48954472367334,208.03898807474275,3,0,3,5.329790894473467
9527,37,3,64.52898375257169,396.32455487328144,1,2,4,3.7905796750514336
6878,11,4,59.57507281889567,141.62926317454378,2,0,3,3.891501456377913
7303,36,1,40.11879140389827,541.2660203414146,4,1,5,1.9023758280779652
1851,13,3,36.695607920480064,326.508598253386,2,2,1,1.333912158409601
2687,43,2,34.35604747757039,285.13367598252364,4,1,4,1.7871209495514078
7833,3,2,61.71557833956468,347.9575093996448,3,4,4,1.8343115667912937
3427,33,1,44.24099364806695,124.63955864723141,3,1,5,2.384819872961339
5000,6,8,83.1863113251422,379.6796890243305,3,4,3,4.763726226502843
6052,10,3,66.96026161339618,236.96741988138595,3,4,1,1.0
3738,5,3,6.993160570943413,541.3962143498328,3,1,3,1.639863211418868
6732,23,6,64.01682238281661,126.2468978062811,2,1,2,4.180336447656333
6387,10,8,27.11474365001848,319.0191292033014,3,4,3,3.6422948730003695
9002,44,9,59.28119916534227,370.9241987403403,1,2,4,6.685623983306845
6536,2,9,68.01319311034514,49.02865301823729,1,4,1,4.7602638622069025
4913,13,4,23.08291891540121,237.30508111099994,2,3,3,2.2616583783080246
2066,40,5,45.68586448803686,447.6020837794747,4,4,1,1.113717289760737
8723,2,2,19.03248628190678,497.61517924591476,1,2,1,1.0
5380,20,9,5.233887578650831,208.50233704585094,4,3,2,3.104677751573017
5107,1,8,37.84764234858691,485.1981652581682,2,0,2,4.956952846971738
6726,37,3,36.2944271845992,581.6208499489317,4,0,4,2.625888543691984
4373,9,9,99.5480490704257,518.4181435628036,4,2,5,6.790960981408514
9945,17,3,44.63523511976422,97.05707325081536,4,4,1,1.0
3082,9,9,33.35695494722004,451.64628928875817,4,1,5,5.767139098944401
9967,11,2,58.047500671667464,212.21009449111048,2,2,4,2.760950013433349
7748,15,9,8.876739410776846,593.3971139648836,1,3,1,3.877534788215537
1417,24,8,96.16657359548132,306.6546204011357,3,3,1,4.3233314719096265
9306,38,9,63.49600455910331,99.78732206459638,4,0,6,7.169920091182066
9808,35,5,75.48378199408478,443.35576237561276,1,3,5,5.209675639881696
4974,30,2,17.047793817391753,214.1163830801419,1,2,3,1.840955876347835
4267,31,8,40.94778530052039,598.3345495365471,2,3,2,4.118955706010408
1825,49,6,42.26891133961895,588.4760009770774,1,2,3,4.345378226792379
8668,5,8,82.18064439010868,403.996390271731,2,1,5,7.043612887802174
6745,44,5,0.12366797594094425,104.00107590247902,4,0,2,1.9024733595188188
1412,14,2,30.085310835325508,421.51076867476655,4,3,3,1.0
8543,11,6,98.12363743443039,83.02737728221551,3,2,6,6.162472748688608
8587,9,5,47.488654350621864,46.73757068836362,3,4,2,2.0497730870124373
1728,34,5,38.25262802440083,499.08631434624704,3,0,1,2.5650525604880166
8164,12,1,11.982900201764634,149.5591801796984,1,1,3,1.5396580040352927
9867,35,2,97.41646286280155,246.04546194488552,4,2,2,1.7483292572560307
6988,35,8,2.002635592582447,584.8707122864187,2,1,6,5.940052711851649
3504,1,3,73.71802250072432,221.99908606082886,3,1,2,2.4743604500144865
3967,40,3,76.85998047885084,198.9991753314897,2,3,2,2.3371996095770164
3786,22,8,24.365671606386663,553.3785597849819,2,3,6,5.787313432127733
2122,29,8,67.15584436130374,93.12661383180613,3,2,3,5.043116887226075
5079,8,2,9.292914437938993,462.96197376534013,4,4,4,1.0
2571,11,8,25.704726643207987,593.1973729920812,3,2,3,4.214094532864159
6073,41,1,78.7901988292265,543.7387261415498,2,4,5,2.57580397658453
6104,37,6,86.46861920335402,401.4507136626628,3,1,6,6.22937238406708
3143,14,8,60.84864126597913,209.01465314585724,2,0,3,5.916972825319583
7806,30,3,50.683843182048264,174.96352927164054,2,2,2,2.113676863640965
8357,35,8,15.93040206189803,496.9754097767329,3,2,6,5.518608041237961
4440,21,1,6.310903307915017,531.4984909524663,1,4,1,1.0
4766,37,9,11.764902847355863,329.4979001510449,3,1,3,4.7352980569471175
6644,5,9,22.735730009609878,169.2737662482857,1,1,6,7.254714600192197
3914,19,5,34.16745018969208,94.37762879436893,2,4,3,2.6833490037938414
5968,14,4,38.090952551098724,79.69229666414377,2,1,6,4.661819051021975
6917,26,6,34.63217685890035,439.8741449916977,1,3,2,3.3926435371780075
9787,4,7,23.90553321972656,269.46767487320324,2,0,1,3.6781106643945316
1728,25,5,50.97242467516981,546.0551283383861,1,2,1,3.019448493503396
2365,45,9,82.52861082328968,451.6126414142553,1,0,5,8.250572216465793
5492,42,3,27.970353847147923,139.01843821131442,2,2,6,3.6594070769429585
1698,25,7,94.23870191022331,379.8531287249484,4,3,3,4.384774038204467
8186,18,5,87.33366617238478,278.2381090069508,1,1,1,4.0466733234476955
1395,40,7,16.176421135210962,359.03234653810944,3,4,1,1.9235284227042193
8400,8,2,78.62759567570944,450.69940030295476,3,3,4,2.472551913514189
9082,39,4,57.458738231776664,489.53165217216076,2,0,4,4.349174764635533
5171,40,2,56.65753621714186,510.93027605183283,4,4,1,1.0
5360,14,7,39.10427630581744,174.7656785060541,2,1,6,6.182085526116349
3502,32,2,50.115299918200975,47.73589195289388,4,3,5,2.0023059983640197
1717,38,1,39.717877742921104,451.3979990439207,1,4,1,1.0
3782,33,9,53.97326187599428,90.61592396579152,1,3,2,5.279465237519885
5946,23,1,62.795005277263584,209.50416550939156,1,3,3,1.9559001055452718
6486,15,8,67.43038064090484,32.17576645087787,1,1,5,7.148607612818097
9335,33,2,53.24811925594262,418.5516049689234,3,2,2,1.264962385118852
5980,25,8,72.14220673287318,125.26524653859612,3,4,5,5.5428441346574635
8266,17,3,14.12780492755058,403.5109735242452,2,1,2,1.6825560985510115
5491,33,6,21.198249090223854,595.2932917856681,4,3,3,2.423964981804477
8192,47,3,81.87350040742702,71.42239681770928,1,1,3,3.9374700081485403
6588,2,7,32.252797784641515,73.9344668123326,1,2,4,5.145055955692831
8651,14,9,2.2893824976120247,224.0166528200047,4,4,6,4.74578764995224
4636,40,2,15.379114966803108,523.840313123265,4,2,2,1.0
2167,40,5,22.361443449631125,152.85202521105916,2,0,4,4.147228868992623
2062,39,6,95.73228878945872,235.41535736029812,4,4,2,3.114645775789174
3156,6,4,57.30414289308493,69.04808177737836,1,2,4,4.146082857861699
8860,6,4,93.27307404762549,464.99851601756694,1,3,3,4.06546148095251
6161,3,4,57.516335049662494,262.7346153728871,1,4,5,4.050326700993249
6305,7,2,47.93544401378518,462.7717778446804,1,4,4,2.3587088802757035
7541,8,4,31.372769119409604,545.0564712776732,1,1,2,2.9274553823881924
5729,42,1,60.63709444333756,162.67499384773458,2,3,2,1.0127418888667512
8330,15,6,13.919802461752983,490.21573729377224,1,0,6,5.878396049235059
6334,47,1,89.82616272927059,63.68351734460437,2,2,3,2.3965232545854116
9924,29,6,82.93324051412837,542.343011262741,1,1,2,4.958664810282567
5330,33,1,31.753144787673705,400.938072108486,3,2,1,1.0
9010,30,6,95.27975276012943,528.3092327588604,3,0,5,6.205595055202589
7801,39,8,82.5200767415568,30.107387747251682,3,0,4,6.450401534831136
5846,27,2,66.63068858350397,126.37621010291573,3,4,6,2.932613771670079
7731,36,2,12.17619111252748,252.1628508331005,2,0,5,2.9435238222505493
